[{"model": "admin.logentry", "pk": 1, "fields": {"action_time": "2023-06-14T09:19:48.828Z", "user": 1, "content_type": 7, "object_id": "6", "object_repr": "Third Job Post", "action_flag": 1, "change_message": "[{\"added\": {}}]"}}, {"model": "admin.logentry", "pk": 2, "fields": {"action_time": "2023-06-14T09:20:55.746Z", "user": 1, "content_type": 7, "object_id": "7", "object_repr": "Fourth Job Post", "action_flag": 1, "change_message": "[{\"added\": {}}]"}}, {"model": "admin.logentry", "pk": 3, "fields": {"action_time": "2023-06-14T09:21:20.459Z", "user": 1, "content_type": 7, "object_id": "8", "object_repr": "Fifth job Post", "action_flag": 1, "change_message": "[{\"added\": {}}]"}}, {"model": "admin.logentry", "pk": 4, "fields": {"action_time": "2023-06-14T09:22:35.250Z", "user": 1, "content_type": 7, "object_id": "9", "object_repr": "Sixth job post", "action_flag": 1, "change_message": "[{\"added\": {}}]"}}, {"model": "admin.logentry", "pk": 5, "fields": {"action_time": "2023-06-14T09:27:28.966Z", "user": 1, "content_type": 7, "object_id": "9", "object_repr": "Sixth job post", "action_flag": 2, "change_message": "[{\"changed\": {\"fields\": [\"Description\"]}}]"}}, {"model": "admin.logentry", "pk": 6, "fields": {"action_time": "2023-06-14T10:44:19.918Z", "user": 1, "content_type": 7, "object_id": "9", "object_repr": "Sixth job post", "action_flag": 2, "change_message": "[{\"changed\": {\"fields\": [\"Expiry\"]}}]"}}, {"model": "admin.logentry", "pk": 7, "fields": {"action_time": "2023-06-15T16:02:04.935Z", "user": 1, "content_type": 8, "object_id": "3", "object_repr": "Location object (3)", "action_flag": 1, "change_message": "[{\"added\": {}}]"}}, {"model": "admin.logentry", "pk": 8, "fields": {"action_time": "2023-06-15T16:02:21.479Z", "user": 1, "content_type": 7, "object_id": "11", "object_repr": "Nineth job post with salary 2500", "action_flag": 2, "change_message": "[{\"changed\": {\"fields\": [\"Expiry\", \"Location\"]}}]"}}, {"model": "admin.logentry", "pk": 9, "fields": {"action_time": "2023-06-15T16:06:19.015Z", "user": 1, "content_type": 9, "object_id": "1", "object_repr": "Author object (1)", "action_flag": 2, "change_message": "[{\"changed\": {\"fields\": [\"Name\"]}}]"}}, {"model": "admin.logentry", "pk": 10, "fields": {"action_time": "2023-06-15T16:07:10.214Z", "user": 1, "content_type": 9, "object_id": "4", "object_repr": "Author object (4)", "action_flag": 1, "change_message": "[{\"added\": {}}]"}}, {"model": "admin.logentry", "pk": 11, "fields": {"action_time": "2023-06-15T16:07:47.500Z", "user": 1, "content_type": 8, "object_id": "4", "object_repr": "Location object (4)", "action_flag": 1, "change_message": "[{\"added\": {}}]"}}, {"model": "admin.logentry", "pk": 12, "fields": {"action_time": "2023-06-15T16:07:53.033Z", "user": 1, "content_type": 7, "object_id": "6", "object_repr": "Third Job Post with salary 150000", "action_flag": 2, "change_message": "[{\"changed\": {\"fields\": [\"Expiry\", \"Location\", \"Author\", \"Skills\"]}}]"}}, {"model": "admin.logentry", "pk": 13, "fields": {"action_time": "2023-06-15T16:10:42.609Z", "user": 1, "content_type": 10, "object_id": "4", "object_repr": "Skills object (4)", "action_flag": 1, "change_message": "[{\"added\": {}}]"}}, {"model": "admin.logentry", "pk": 14, "fields": {"action_time": "2023-06-15T16:11:07.901Z", "user": 1, "content_type": 8, "object_id": "5", "object_repr": "Location object (5)", "action_flag": 1, "change_message": "[{\"added\": {}}]"}}, {"model": "admin.logentry", "pk": 15, "fields": {"action_time": "2023-06-15T16:11:10.075Z", "user": 1, "content_type": 7, "object_id": "9", "object_repr": "Sixth job post with salary 55000", "action_flag": 2, "change_message": "[{\"changed\": {\"fields\": [\"Location\", \"Skills\"]}}]"}}, {"model": "admin.logentry", "pk": 16, "fields": {"action_time": "2023-06-15T16:12:53.550Z", "user": 1, "content_type": 7, "object_id": "11", "object_repr": "Nineth job post with salary 2500", "action_flag": 2, "change_message": "[{\"changed\": {\"fields\": [\"Skills\"]}}]"}}, {"model": "admin.logentry", "pk": 17, "fields": {"action_time": "2023-06-22T10:32:41.980Z", "user": 1, "content_type": 11, "object_id": "9", "object_repr": "Subscribe object (9)", "action_flag": 1, "change_message": "[{\"added\": {}}]"}}, {"model": "admin.logentry", "pk": 18, "fields": {"action_time": "2023-06-26T16:35:02.553Z", "user": 1, "content_type": 8, "object_id": "5", "object_repr": "Location object (5)", "action_flag": 2, "change_message": "[]"}}, {"model": "admin.logentry", "pk": 19, "fields": {"action_time": "2023-06-26T16:35:44.529Z", "user": 1, "content_type": 8, "object_id": "6", "object_repr": "Location object (6)", "action_flag": 1, "change_message": "[{\"added\": {}}]"}}, {"model": "admin.logentry", "pk": 20, "fields": {"action_time": "2023-06-26T16:35:46.737Z", "user": 1, "content_type": 7, "object_id": "4", "object_repr": "1 Test job with salary 5000", "action_flag": 2, "change_message": "[{\"changed\": {\"fields\": [\"Location\", \"Author\", \"Skills\"]}}]"}}, {"model": "admin.logentry", "pk": 21, "fields": {"action_time": "2023-06-26T16:37:11.250Z", "user": 1, "content_type": 8, "object_id": "7", "object_repr": "Location object (7)", "action_flag": 1, "change_message": "[{\"added\": {}}]"}}, {"model": "admin.logentry", "pk": 22, "fields": {"action_time": "2023-06-26T16:37:13.575Z", "user": 1, "content_type": 7, "object_id": "5", "object_repr": "1 Test job 1 with salary 5000", "action_flag": 2, "change_message": "[{\"changed\": {\"fields\": [\"Location\", \"Author\", \"Skills\", \"Type\"]}}]"}}, {"model": "admin.logentry", "pk": 23, "fields": {"action_time": "2023-06-26T16:38:10.428Z", "user": 1, "content_type": 8, "object_id": "8", "object_repr": "Location object (8)", "action_flag": 1, "change_message": "[{\"added\": {}}]"}}, {"model": "admin.logentry", "pk": 24, "fields": {"action_time": "2023-06-26T16:38:22.231Z", "user": 1, "content_type": 7, "object_id": "7", "object_repr": "Fourth Job Post with salary 80000", "action_flag": 2, "change_message": "[{\"changed\": {\"fields\": [\"Description\", \"Expiry\", \"Location\", \"Author\", \"Skills\", \"Type\"]}}]"}}, {"model": "admin.logentry", "pk": 25, "fields": {"action_time": "2023-06-26T16:39:06.046Z", "user": 1, "content_type": 8, "object_id": "9", "object_repr": "Location object (9)", "action_flag": 1, "change_message": "[{\"added\": {}}]"}}, {"model": "admin.logentry", "pk": 26, "fields": {"action_time": "2023-06-26T16:39:16.094Z", "user": 1, "content_type": 7, "object_id": "8", "object_repr": "Fifth job Post with salary 40000", "action_flag": 2, "change_message": "[{\"changed\": {\"fields\": [\"Description\", \"Location\", \"Skills\"]}}]"}}, {"model": "admin.logentry", "pk": 27, "fields": {"action_time": "2023-06-26T16:39:45.672Z", "user": 1, "content_type": 8, "object_id": "10", "object_repr": "Location object (10)", "action_flag": 1, "change_message": "[{\"added\": {}}]"}}, {"model": "admin.logentry", "pk": 28, "fields": {"action_time": "2023-06-26T16:39:58.704Z", "user": 1, "content_type": 7, "object_id": "10", "object_repr": "Eight job post with salary 13500", "action_flag": 2, "change_message": "[{\"changed\": {\"fields\": [\"Description\", \"Expiry\", \"Location\", \"Skills\"]}}]"}}, {"model": "admin.logentry", "pk": 29, "fields": {"action_time": "2023-06-26T16:40:38.224Z", "user": 1, "content_type": 8, "object_id": "11", "object_repr": "Location object (11)", "action_flag": 1, "change_message": "[{\"added\": {}}]"}}, {"model": "admin.logentry", "pk": 30, "fields": {"action_time": "2023-06-26T16:40:52.384Z", "user": 1, "content_type": 7, "object_id": "12", "object_repr": "Tenth job post with salary 123444", "action_flag": 2, "change_message": "[{\"changed\": {\"fields\": [\"Description\", \"Expiry\", \"Salary\", \"Location\", \"Author\", \"Type\"]}}]"}}, {"model": "auth.permission", "pk": 1, "fields": {"name": "Can add log entry", "content_type": 1, "codename": "add_logentry"}}, {"model": "auth.permission", "pk": 2, "fields": {"name": "Can change log entry", "content_type": 1, "codename": "change_logentry"}}, {"model": "auth.permission", "pk": 3, "fields": {"name": "Can delete log entry", "content_type": 1, "codename": "delete_logentry"}}, {"model": "auth.permission", "pk": 4, "fields": {"name": "Can view log entry", "content_type": 1, "codename": "view_logentry"}}, {"model": "auth.permission", "pk": 5, "fields": {"name": "Can add permission", "content_type": 2, "codename": "add_permission"}}, {"model": "auth.permission", "pk": 6, "fields": {"name": "Can change permission", "content_type": 2, "codename": "change_permission"}}, {"model": "auth.permission", "pk": 7, "fields": {"name": "Can delete permission", "content_type": 2, "codename": "delete_permission"}}, {"model": "auth.permission", "pk": 8, "fields": {"name": "Can view permission", "content_type": 2, "codename": "view_permission"}}, {"model": "auth.permission", "pk": 9, "fields": {"name": "Can add group", "content_type": 3, "codename": "add_group"}}, {"model": "auth.permission", "pk": 10, "fields": {"name": "Can change group", "content_type": 3, "codename": "change_group"}}, {"model": "auth.permission", "pk": 11, "fields": {"name": "Can delete group", "content_type": 3, "codename": "delete_group"}}, {"model": "auth.permission", "pk": 12, "fields": {"name": "Can view group", "content_type": 3, "codename": "view_group"}}, {"model": "auth.permission", "pk": 13, "fields": {"name": "Can add user", "content_type": 4, "codename": "add_user"}}, {"model": "auth.permission", "pk": 14, "fields": {"name": "Can change user", "content_type": 4, "codename": "change_user"}}, {"model": "auth.permission", "pk": 15, "fields": {"name": "Can delete user", "content_type": 4, "codename": "delete_user"}}, {"model": "auth.permission", "pk": 16, "fields": {"name": "Can view user", "content_type": 4, "codename": "view_user"}}, {"model": "auth.permission", "pk": 17, "fields": {"name": "Can add content type", "content_type": 5, "codename": "add_contenttype"}}, {"model": "auth.permission", "pk": 18, "fields": {"name": "Can change content type", "content_type": 5, "codename": "change_contenttype"}}, {"model": "auth.permission", "pk": 19, "fields": {"name": "Can delete content type", "content_type": 5, "codename": "delete_contenttype"}}, {"model": "auth.permission", "pk": 20, "fields": {"name": "Can view content type", "content_type": 5, "codename": "view_contenttype"}}, {"model": "auth.permission", "pk": 21, "fields": {"name": "Can add session", "content_type": 6, "codename": "add_session"}}, {"model": "auth.permission", "pk": 22, "fields": {"name": "Can change session", "content_type": 6, "codename": "change_session"}}, {"model": "auth.permission", "pk": 23, "fields": {"name": "Can delete session", "content_type": 6, "codename": "delete_session"}}, {"model": "auth.permission", "pk": 24, "fields": {"name": "Can view session", "content_type": 6, "codename": "view_session"}}, {"model": "auth.permission", "pk": 25, "fields": {"name": "Can add job post", "content_type": 7, "codename": "add_jobpost"}}, {"model": "auth.permission", "pk": 26, "fields": {"name": "Can change job post", "content_type": 7, "codename": "change_jobpost"}}, {"model": "auth.permission", "pk": 27, "fields": {"name": "Can delete job post", "content_type": 7, "codename": "delete_jobpost"}}, {"model": "auth.permission", "pk": 28, "fields": {"name": "Can view job post", "content_type": 7, "codename": "view_jobpost"}}, {"model": "auth.permission", "pk": 29, "fields": {"name": "Can add location", "content_type": 8, "codename": "add_location"}}, {"model": "auth.permission", "pk": 30, "fields": {"name": "Can change location", "content_type": 8, "codename": "change_location"}}, {"model": "auth.permission", "pk": 31, "fields": {"name": "Can delete location", "content_type": 8, "codename": "delete_location"}}, {"model": "auth.permission", "pk": 32, "fields": {"name": "Can view location", "content_type": 8, "codename": "view_location"}}, {"model": "auth.permission", "pk": 33, "fields": {"name": "Can add author", "content_type": 9, "codename": "add_author"}}, {"model": "auth.permission", "pk": 34, "fields": {"name": "Can change author", "content_type": 9, "codename": "change_author"}}, {"model": "auth.permission", "pk": 35, "fields": {"name": "Can delete author", "content_type": 9, "codename": "delete_author"}}, {"model": "auth.permission", "pk": 36, "fields": {"name": "Can view author", "content_type": 9, "codename": "view_author"}}, {"model": "auth.permission", "pk": 37, "fields": {"name": "Can add skills", "content_type": 10, "codename": "add_skills"}}, {"model": "auth.permission", "pk": 38, "fields": {"name": "Can change skills", "content_type": 10, "codename": "change_skills"}}, {"model": "auth.permission", "pk": 39, "fields": {"name": "Can delete skills", "content_type": 10, "codename": "delete_skills"}}, {"model": "auth.permission", "pk": 40, "fields": {"name": "Can view skills", "content_type": 10, "codename": "view_skills"}}, {"model": "auth.permission", "pk": 41, "fields": {"name": "Can add subscribe", "content_type": 11, "codename": "add_subscribe"}}, {"model": "auth.permission", "pk": 42, "fields": {"name": "Can change subscribe", "content_type": 11, "codename": "change_subscribe"}}, {"model": "auth.permission", "pk": 43, "fields": {"name": "Can delete subscribe", "content_type": 11, "codename": "delete_subscribe"}}, {"model": "auth.permission", "pk": 44, "fields": {"name": "Can view subscribe", "content_type": 11, "codename": "view_subscribe"}}, {"model": "auth.permission", "pk": 45, "fields": {"name": "Can add uploads", "content_type": 12, "codename": "add_uploads"}}, {"model": "auth.permission", "pk": 46, "fields": {"name": "Can change uploads", "content_type": 12, "codename": "change_uploads"}}, {"model": "auth.permission", "pk": 47, "fields": {"name": "Can delete uploads", "content_type": 12, "codename": "delete_uploads"}}, {"model": "auth.permission", "pk": 48, "fields": {"name": "Can view uploads", "content_type": 12, "codename": "view_uploads"}}, {"model": "auth.permission", "pk": 49, "fields": {"name": "Can add upload file", "content_type": 13, "codename": "add_uploadfile"}}, {"model": "auth.permission", "pk": 50, "fields": {"name": "Can change upload file", "content_type": 13, "codename": "change_uploadfile"}}, {"model": "auth.permission", "pk": 51, "fields": {"name": "Can delete upload file", "content_type": 13, "codename": "delete_uploadfile"}}, {"model": "auth.permission", "pk": 52, "fields": {"name": "Can view upload file", "content_type": 13, "codename": "view_uploadfile"}}, {"model": "auth.user", "pk": 1, "fields": {"password": "pbkdf2_sha256$390000$nb3iYmVLhKGP4vlHOr25Tm$EEyCZElndLYKf4zA0w5nrirgjRIa8LMBSB4NPpAuefA=", "last_login": "2023-06-26T16:33:26.714Z", "is_superuser": true, "username": "mike", "first_name": "", "last_name": "", "email": "", "is_staff": true, "is_active": true, "date_joined": "2023-06-12T15:45:00.411Z", "groups": [], "user_permissions": []}}, {"model": "contenttypes.contenttype", "pk": 1, "fields": {"app_label": "admin", "model": "logentry"}}, {"model": "contenttypes.contenttype", "pk": 2, "fields": {"app_label": "auth", "model": "permission"}}, {"model": "contenttypes.contenttype", "pk": 3, "fields": {"app_label": "auth", "model": "group"}}, {"model": "contenttypes.contenttype", "pk": 4, "fields": {"app_label": "auth", "model": "user"}}, {"model": "contenttypes.contenttype", "pk": 5, "fields": {"app_label": "contenttypes", "model": "contenttype"}}, {"model": "contenttypes.contenttype", "pk": 6, "fields": {"app_label": "sessions", "model": "session"}}, {"model": "contenttypes.contenttype", "pk": 7, "fields": {"app_label": "app", "model": "jobpost"}}, {"model": "contenttypes.contenttype", "pk": 8, "fields": {"app_label": "app", "model": "location"}}, {"model": "contenttypes.contenttype", "pk": 9, "fields": {"app_label": "app", "model": "author"}}, {"model": "contenttypes.contenttype", "pk": 10, "fields": {"app_label": "app", "model": "skills"}}, {"model": "contenttypes.contenttype", "pk": 11, "fields": {"app_label": "subscribe", "model": "subscribe"}}, {"model": "contenttypes.contenttype", "pk": 12, "fields": {"app_label": "uploadapp", "model": "uploads"}}, {"model": "contenttypes.contenttype", "pk": 13, "fields": {"app_label": "uploadapp", "model": "uploadfile"}}, {"model": "sessions.session", "pk": "0h4tyzntjtggaoilzsgmtwlyjk752cpr", "fields": {"session_data": ".eJxVjEEOwiAQRe_C2hAZSgGX7nsGMsyAVA0kpV0Z765NutDtf-_9lwi4rSVsPS1hZnERSpx-t4j0SHUHfMd6a5JaXZc5yl2RB-1yapye18P9OyjYy7dGBusx2xiTdiqfM2VnLAKMDtn4ZD07HgAUGiJgPVivFeIwIkWjMon3BwDPOJI:1qDp9a:wUXZQjpDOWCGOmp1zJQFRrvkJFDlfHOYQ6Mcu6ik4kk", "expire_date": "2023-07-10T16:33:26.715Z"}}, {"model": "sessions.session", "pk": "d2rtvbhxx7u2w8w0wqjvzezj0geen2mu", "fields": {"session_data": ".eJxVjEEOwiAQRe_C2hAZSgGX7nsGMsyAVA0kpV0Z765NutDtf-_9lwi4rSVsPS1hZnERSpx-t4j0SHUHfMd6a5JaXZc5yl2RB-1yapye18P9OyjYy7dGBusx2xiTdiqfM2VnLAKMDtn4ZD07HgAUGiJgPVivFeIwIkWjMon3BwDPOJI:1q8jjy:LGYzEzOb1KMXZuaPdFz2LXybnPnCgFMiXdDf_aWydfk", "expire_date": "2023-06-26T15:45:58.982Z"}}, {"model": "sessions.session", "pk": "th50a4puxsrfke361t56kcs9d57ndia2", "fields": {"session_data": ".eJxVjEEOwiAQRe_C2hAZSgGX7nsGMsyAVA0kpV0Z765NutDtf-_9lwi4rSVsPS1hZnERSpx-t4j0SHUHfMd6a5JaXZc5yl2RB-1yapye18P9OyjYy7dGBusx2xiTdiqfM2VnLAKMDtn4ZD07HgAUGiJgPVivFeIwIkWjMon3BwDPOJI:1qCHbn:klCfHnCD2l3zejyT252V3yTjg90A5YYhlmH9I5tB32o", "expire_date": "2023-07-06T10:32:11.762Z"}}, {"model": "app.skills", "pk": 1, "fields": {"name": "Writing"}}, {"model": "app.skills", "pk": 2, "fields": {"name": "reading"}}, {"model": "app.skills", "pk": 3, "fields": {"name": "coding"}}, {"model": "app.skills", "pk": 4, "fields": {"name": "Smart"}}, {"model": "app.author", "pk": 1, "fields": {"name": "John Carter", "company": "Alphabet Inc.", "designation": "Hiring Manager"}}, {"model": "app.author", "pk": 2, "fields": {"name": "Stacy GoldbergR", "company": "Meta Inc.", "designation": "Humman Resources Manager"}}, {"model": "app.author", "pk": 3, "fields": {"name": "Michael Smith", "company": "Netflix Inc.", "designation": "Hiring Manager"}}, {"model": "app.author", "pk": 4, "fields": {"name": "John Smith", "company": "Apple", "designation": "Hiring Manager"}}, {"model": "app.location", "pk": 1, "fields": {"street": "abc", "city": "adelaide", "state": "california", "country": "", "zip": "42780"}}, {"model": "app.location", "pk": 2, "fields": {"street": "xyz", "city": "New York", "state": "New York", "country": "", "zip": "96832"}}, {"model": "app.location", "pk": 3, "fields": {"street": "street 1", "city": "Los Angeles", "state": "California", "country": "United States", "zip": "9874125"}}, {"model": "app.location", "pk": 4, "fields": {"street": "Street 2", "city": "Cupertino", "state": "California", "country": "USA", "zip": "578541"}}, {"model": "app.location", "pk": 5, "fields": {"street": "calle 1", "city": "Barcelona", "state": "Catalonia", "country": "Spain", "zip": "08011"}}, {"model": "app.location", "pk": 6, "fields": {"street": "1", "city": "Barcelona", "state": "cat", "country": "spain", "zip": "234567"}}, {"model": "app.location", "pk": 7, "fields": {"street": "Lorem Ipusum", "city": "Barcelona", "state": "Lorem Ipusum", "country": "Lorem Ipusum", "zip": "09876"}}, {"model": "app.location", "pk": 8, "fields": {"street": "lorem", "city": "Barcelona", "state": "lorem", "country": "lorem", "zip": "098765"}}, {"model": "app.location", "pk": 9, "fields": {"street": "dwefr", "city": "Barcelona", "state": "sfoijdnkv", "country": "efiodjngk", "zip": "09876"}}, {"model": "app.location", "pk": 10, "fields": {"street": "lorem", "city": "Barcelona", "state": "lorem", "country": "lorem", "zip": "098765"}}, {"model": "app.location", "pk": 11, "fields": {"street": "lorem", "city": "Barcelona", "state": "lorem", "country": "lorem", "zip": "09872"}}, {"model": "app.jobpost", "pk": 1, "fields": {"title": "First Job Post", "description": "Example", "date": "2023-05-22T15:34:43.480Z", "expiry": null, "salary": 5000, "slug": "first-job-post", "location": 1, "author": 1, "type": "Full Time", "skills": []}}, {"model": "app.jobpost", "pk": 2, "fields": {"title": "Second job post", "description": "Example description", "date": "2023-05-24T15:34:06.788Z", "expiry": null, "salary": 10000, "slug": "second-job-post", "location": 2, "author": null, "type": "Full Time", "skills": []}}, {"model": "app.jobpost", "pk": 4, "fields": {"title": "1 Test job", "description": "Example 3", "date": "2023-05-24T15:53:38.842Z", "expiry": null, "salary": 5000, "slug": "1-test-job", "location": 6, "author": 1, "type": "Full Time", "skills": [2]}}, {"model": "app.jobpost", "pk": 5, "fields": {"title": "1 Test job 1", "description": "Example 3", "date": "2023-05-24T15:53:57.208Z", "expiry": null, "salary": 5000, "slug": "1-test-job-1", "location": 7, "author": 3, "type": "Part Time", "skills": [3]}}, {"model": "app.jobpost", "pk": 6, "fields": {"title": "Third Job Post", "description": "Example description", "date": "2023-06-14T09:19:48.823Z", "expiry": "2023-06-15", "salary": 150000, "slug": "third-job-post", "location": 4, "author": 4, "type": "Full Time", "skills": [1]}}, {"model": "app.jobpost", "pk": 7, "fields": {"title": "Fourth Job Post", "description": "Lorem Ipsum is simply dummy text of the printing and typesetting industry. Lorem Ipsum has been the industry's standard dummy text ever since the 1500s, when an unknown printer took a galley of type and scrambled it to make a type specimen book. It has survived not only five centuries, but also the leap into electronic typesetting, remaining essentially unchanged. It was popularised in the 1960s with the release of Letraset sheets containing Lorem Ipsum passages, and more recently with desktop publishing software like Aldus PageMaker including versions of Lorem Ipsum.\r\n\r\nWhy do we use it?\r\nIt is a long established fact that a reader will be distracted by the readable content of a page when looking at its layout. The point of using Lorem Ipsum is that it has a more-or-less normal distribution of letters, as opposed to using 'Content here, content here', making it look like readable English. Many desktop publishing packages and web page editors now use Lorem Ipsum as their default model text, and a search for 'lorem ipsum' will uncover many web sites still in their infancy. Various versions have evolved over the years, sometimes by accident, sometimes on purpose (injected humour and the like).\r\n\r\n\r\nWhere does it come from?\r\nContrary to popular belief, Lorem Ipsum is not simply random text. It has roots in a piece of classical Latin literature from 45 BC, making it over 2000 years old. Richard McClintock, a Latin professor at Hampden-Sydney College in Virginia, looked up one of the more obscure Latin words, consectetur, from a Lorem Ipsum passage, and going through the cites of the word in classical literature, discovered the undoubtable source. Lorem Ipsum comes from sections 1.10.32 and 1.10.33 of \"de Finibus Bonorum et Malorum\" (The Extremes of Good and Evil) by Cicero, written in 45 BC. This book is a treatise on the theory of ethics, very popular during the Renaissance. The first line of Lorem Ipsum, \"Lorem ipsum dolor sit amet..\", comes from a line in section 1.10.32.\r\n\r\nThe standard chunk of Lorem Ipsum used since the 1500s is reproduced below for those interested. Sections 1.10.32 and 1.10.33 from \"de Finibus Bonorum et Malorum\" by Cicero are also reproduced in their exact original form, accompanied by English versions from the 1914 translation by H. Rackham.\r\n\r\nWhere can I get some?\r\nThere are many variations of passages of Lorem Ipsum available, but the majority have suffered alteration in some form, by injected humour, or randomised words which don't look even slightly believable. If you are going to use a passage of Lorem Ipsum, you need to be sure there isn't anything embarrassing hidden in the middle of text. All the Lorem Ipsum generators on the Internet tend to repeat predefined chunks as necessary, making this the first true generator on the Internet. It uses a dictionary of over 200 Latin words, combined with a handful of model sentence structures, to generate Lorem Ipsum which looks reasonable. The generated Lorem Ipsum is therefore always free from repetition, injected humour, or non-characteristic words etc.\r\n\r\n5\r\n\tparagraphs\r\n\twords\r\n\tbytes\r\n\tlists\r\n\tStart with 'Lorem\r\nipsum dolor sit amet...'", "date": "2023-06-14T09:20:55.745Z", "expiry": "2023-08-17", "salary": 80000, "slug": "fourth-job-post", "location": 8, "author": 2, "type": "Part Time", "skills": [4]}}, {"model": "app.jobpost", "pk": 8, "fields": {"title": "Fifth job Post", "description": "Lorem Ipsum is simply dummy text of the printing and typesetting industry. Lorem Ipsum has been the industry's standard dummy text ever since the 1500s, when an unknown printer took a galley of type and scrambled it to make a type specimen book. It has survived not only five centuries, but also the leap into electronic typesetting, remaining essentially unchanged. It was popularised in the 1960s with the release of Letraset sheets containing Lorem Ipsum passages, and more recently with desktop publishing software like Aldus PageMaker including versions of Lorem Ipsum.\r\n\r\nWhy do we use it?\r\nIt is a long established fact that a reader will be distracted by the readable content of a page when looking at its layout. The point of using Lorem Ipsum is that it has a more-or-less normal distribution of letters, as opposed to using 'Content here, content here', making it look like readable English. Many desktop publishing packages and web page editors now use Lorem Ipsum as their default model text, and a search for 'lorem ipsum' will uncover many web sites still in their infancy. Various versions have evolved over the years, sometimes by accident, sometimes on purpose (injected humour and the like).\r\n\r\n\r\nWhere does it come from?\r\nContrary to popular belief, Lorem Ipsum is not simply random text. It has roots in a piece of classical Latin literature from 45 BC, making it over 2000 years old. Richard McClintock, a Latin professor at Hampden-Sydney College in Virginia, looked up one of the more obscure Latin words, consectetur, from a Lorem Ipsum passage, and going through the cites of the word in classical literature, discovered the undoubtable source. Lorem Ipsum comes from sections 1.10.32 and 1.10.33 of \"de Finibus Bonorum et Malorum\" (The Extremes of Good and Evil) by Cicero, written in 45 BC. This book is a treatise on the theory of ethics, very popular during the Renaissance. The first line of Lorem Ipsum, \"Lorem ipsum dolor sit amet..\", comes from a line in section 1.10.32.\r\n\r\nThe standard chunk of Lorem Ipsum used since the 1500s is reproduced below for those interested. Sections 1.10.32 and 1.10.33 from \"de Finibus Bonorum et Malorum\" by Cicero are also reproduced in their exact original form, accompanied by English versions from the 1914 translation by H. Rackham.\r\n\r\nWhere can I get some?\r\nThere are many variations of passages of Lorem Ipsum available, but the majority have suffered alteration in some form, by injected humour, or randomised words which don't look even slightly believable. If you are going to use a passage of Lorem Ipsum, you need to be sure there isn't anything embarrassing hidden in the middle of text. All the Lorem Ipsum generators on the Internet tend to repeat predefined chunks as necessary, making this the first true generator on the Internet. It uses a dictionary of over 200 Latin words, combined with a handful of model sentence structures, to generate Lorem Ipsum which looks reasonable. The generated Lorem Ipsum is therefore always free from repetition, injected humour, or non-characteristic words etc.\r\n\r\n5\r\n\tparagraphs\r\n\twords\r\n\tbytes\r\n\tlists\r\n\tStart with 'Lorem\r\nipsum dolor sit amet...'", "date": "2023-06-14T09:21:20.457Z", "expiry": null, "salary": 40000, "slug": "fifth-job-post", "location": 9, "author": 3, "type": "Full Time", "skills": [1]}}, {"model": "app.jobpost", "pk": 9, "fields": {"title": "Sixth job post", "description": "Example description for sixth job", "date": "2023-06-14T09:22:35.248Z", "expiry": "2023-06-14", "salary": 55000, "slug": "sixth-job-post", "location": 5, "author": 1, "type": "Full Time", "skills": [1, 2, 3, 4]}}, {"model": "app.jobpost", "pk": 10, "fields": {"title": "Eight job post", "description": "Lorem Ipsum is simply dummy text of the printing and typesetting industry. Lorem Ipsum has been the industry's standard dummy text ever since the 1500s, when an unknown printer took a galley of type and scrambled it to make a type specimen book. It has survived not only five centuries, but also the leap into electronic typesetting, remaining essentially unchanged. It was popularised in the 1960s with the release of Letraset sheets containing Lorem Ipsum passages, and more recently with desktop publishing software like Aldus PageMaker including versions of Lorem Ipsum.\r\n\r\nWhy do we use it?\r\nIt is a long established fact that a reader will be distracted by the readable content of a page when looking at its layout. The point of using Lorem Ipsum is that it has a more-or-less normal distribution of letters, as opposed to using 'Content here, content here', making it look like readable English. Many desktop publishing packages and web page editors now use Lorem Ipsum as their default model text, and a search for 'lorem ipsum' will uncover many web sites still in their infancy. Various versions have evolved over the years, sometimes by accident, sometimes on purpose (injected humour and the like).\r\n\r\n\r\nWhere does it come from?\r\nContrary to popular belief, Lorem Ipsum is not simply random text. It has roots in a piece of classical Latin literature from 45 BC, making it over 2000 years old. Richard McClintock, a Latin professor at Hampden-Sydney College in Virginia, looked up one of the more obscure Latin words, consectetur, from a Lorem Ipsum passage, and going through the cites of the word in classical literature, discovered the undoubtable source. Lorem Ipsum comes from sections 1.10.32 and 1.10.33 of \"de Finibus Bonorum et Malorum\" (The Extremes of Good and Evil) by Cicero, written in 45 BC. This book is a treatise on the theory of ethics, very popular during the Renaissance. The first line of Lorem Ipsum, \"Lorem ipsum dolor sit amet..\", comes from a line in section 1.10.32.\r\n\r\nThe standard chunk of Lorem Ipsum used since the 1500s is reproduced below for those interested. Sections 1.10.32 and 1.10.33 from \"de Finibus Bonorum et Malorum\" by Cicero are also reproduced in their exact original form, accompanied by English versions from the 1914 translation by H. Rackham.\r\n\r\nWhere can I get some?\r\nThere are many variations of passages of Lorem Ipsum available, but the majority have suffered alteration in some form, by injected humour, or randomised words which don't look even slightly believable. If you are going to use a passage of Lorem Ipsum, you need to be sure there isn't anything embarrassing hidden in the middle of text. All the Lorem Ipsum generators on the Internet tend to repeat predefined chunks as necessary, making this the first true generator on the Internet. It uses a dictionary of over 200 Latin words, combined with a handful of model sentence structures, to generate Lorem Ipsum which looks reasonable. The generated Lorem Ipsum is therefore always free from repetition, injected humour, or non-characteristic words etc.\r\n\r\n5\r\n\tparagraphs\r\n\twords\r\n\tbytes\r\n\tlists\r\n\tStart with 'Lorem\r\nipsum dolor sit amet...'", "date": "2023-06-15T15:13:04.819Z", "expiry": "2023-06-28", "salary": 13500, "slug": "eight-job-post", "location": 10, "author": 1, "type": "Full Time", "skills": [2, 4]}}, {"model": "app.jobpost", "pk": 11, "fields": {"title": "Nineth job post", "description": "Example testing", "date": "2023-06-15T15:23:00.665Z", "expiry": "2023-06-15", "salary": 2500, "slug": "nineth-job-post", "location": 3, "author": 1, "type": "Full Time", "skills": [2, 4]}}, {"model": "app.jobpost", "pk": 12, "fields": {"title": "Tenth job post", "description": "Lorem Ipsum is simply dummy text of the printing and typesetting industry. Lorem Ipsum has been the industry's standard dummy text ever since the 1500s, when an unknown printer took a galley of type and scrambled it to make a type specimen book. It has survived not only five centuries, but also the leap into electronic typesetting, remaining essentially unchanged. It was popularised in the 1960s with the release of Letraset sheets containing Lorem Ipsum passages, and more recently with desktop publishing software like Aldus PageMaker including versions of Lorem Ipsum.\r\n\r\nWhy do we use it?\r\nIt is a long established fact that a reader will be distracted by the readable content of a page when looking at its layout. The point of using Lorem Ipsum is that it has a more-or-less normal distribution of letters, as opposed to using 'Content here, content here', making it look like readable English. Many desktop publishing packages and web page editors now use Lorem Ipsum as their default model text, and a search for 'lorem ipsum' will uncover many web sites still in their infancy. Various versions have evolved over the years, sometimes by accident, sometimes on purpose (injected humour and the like).\r\n\r\n\r\nWhere does it come from?\r\nContrary to popular belief, Lorem Ipsum is not simply random text. It has roots in a piece of classical Latin literature from 45 BC, making it over 2000 years old. Richard McClintock, a Latin professor at Hampden-Sydney College in Virginia, looked up one of the more obscure Latin words, consectetur, from a Lorem Ipsum passage, and going through the cites of the word in classical literature, discovered the undoubtable source. Lorem Ipsum comes from sections 1.10.32 and 1.10.33 of \"de Finibus Bonorum et Malorum\" (The Extremes of Good and Evil) by Cicero, written in 45 BC. This book is a treatise on the theory of ethics, very popular during the Renaissance. The first line of Lorem Ipsum, \"Lorem ipsum dolor sit amet..\", comes from a line in section 1.10.32.\r\n\r\nThe standard chunk of Lorem Ipsum used since the 1500s is reproduced below for those interested. Sections 1.10.32 and 1.10.33 from \"de Finibus Bonorum et Malorum\" by Cicero are also reproduced in their exact original form, accompanied by English versions from the 1914 translation by H. Rackham.\r\n\r\nWhere can I get some?\r\nThere are many variations of passages of Lorem Ipsum available, but the majority have suffered alteration in some form, by injected humour, or randomised words which don't look even slightly believable. If you are going to use a passage of Lorem Ipsum, you need to be sure there isn't anything embarrassing hidden in the middle of text. All the Lorem Ipsum generators on the Internet tend to repeat predefined chunks as necessary, making this the first true generator on the Internet. It uses a dictionary of over 200 Latin words, combined with a handful of model sentence structures, to generate Lorem Ipsum which looks reasonable. The generated Lorem Ipsum is therefore always free from repetition, injected humour, or non-characteristic words etc.\r\n\r\n5\r\n\tparagraphs\r\n\twords\r\n\tbytes\r\n\tlists\r\n\tStart with 'Lorem\r\nipsum dolor sit amet...'", "date": "2023-06-15T15:46:05.313Z", "expiry": "2023-06-30", "salary": 123444, "slug": "tenth-job-post", "location": 11, "author": 3, "type": "Part Time", "skills": [1, 2, 3]}}, {"model": "subscribe.subscribe", "pk": 1, "fields": {"first_name": "Marc", "last_name": "Kustas", "email": "try@try.com", "option": "W"}}, {"model": "subscribe.subscribe", "pk": 2, "fields": {"first_name": "Marc", "last_name": "Costafreda Escofet", "email": "mcostafreda@outlook.com", "option": "W"}}, {"model": "subscribe.subscribe", "pk": 5, "fields": {"first_name": "MarkusZ", "last_name": "evbcisdvb", "email": "a@b.es", "option": "W"}}, {"model": "subscribe.subscribe", "pk": 6, "fields": {"first_name": "Dajngo", "last_name": "Python", "email": "check@test.com", "option": "W"}}, {"model": "subscribe.subscribe", "pk": 7, "fields": {"first_name": "Test first name", "last_name": "Test Last Name", "email": "qq@gmail.com", "option": "W"}}, {"model": "subscribe.subscribe", "pk": 8, "fields": {"first_name": "Mikus", "last_name": "Markososka", "email": "a@scbi.com", "option": "W"}}, {"model": "subscribe.subscribe", "pk": 9, "fields": {"first_name": "Testing", "last_name": "InsideCMS", "email": "carmen_mur@hotmail.com", "option": "W"}}, {"model": "subscribe.subscribe", "pk": 10, "fields": {"first_name": "Duhnenivjk", "last_name": "mdoighenidjfk", "email": "fjanfo@week.com", "option": "W"}}, {"model": "subscribe.subscribe", "pk": 11, "fields": {"first_name": "Marc", "last_name": "Costa", "email": "mcostafreda@outlook.com", "option": "W"}}, {"model": "uploadapp.uploads", "pk": 1, "fields": {"image": "images/scottish_bridge.jpeg", "description": "bridge Scotland"}}, {"model": "uploadapp.uploads", "pk": 2, "fields": {"image": "images/IMG_1079.JPG", "description": "me"}}, {"model": "uploadapp.uploads", "pk": 3, "fields": {"image": "images/IMG_1079_ZRLtGxu.JPG", "description": "me"}}, {"model": "uploadapp.uploads", "pk": 4, "fields": {"image": "images/IMG_1079_pbOVvfn.JPG", "description": "me"}}, {"model": "uploadapp.uploads", "pk": 5, "fields": {"image": "images/scottish_bridge_0Vqe6Hm.jpeg", "description": "Scotland 2"}}, {"model": "uploadapp.uploads", "pk": 6, "fields": {"image": "images/Screenshot_2023-03-29_at_10.57.11.png", "description": "ghmjhfkjg"}}, {"model": "uploadapp.uploads", "pk": 7, "fields": {"image": "images/Screenshot_2023-03-29_at_10.57.11_Q833RTm.png", "description": "ghmjhfkjg"}}, {"model": "uploadapp.uploads", "pk": 8, "fields": {"image": "images/Screenshot_2023-03-29_at_10.57.11_pK7I2wN.png", "description": "ghmjhfkjg"}}, {"model": "uploadapp.uploads", "pk": 9, "fields": {"image": "images/20230124122811.jpg", "description": "whatever"}}, {"model": "uploadapp.uploads", "pk": 10, "fields": {"image": "images/Screenshot_2021-09-20_at_09.57.58.png", "description": "screenshot"}}, {"model": "uploadapp.uploads", "pk": 11, "fields": {"image": "images/Screenshot_2021-09-20_at_09.57.58_dZ8dKgH.png", "description": "screenshot"}}, {"model": "uploadapp.uploads", "pk": 12, "fields": {"image": "images/Screenshot_2021-09-20_at_09.57.58_7zlZRLI.png", "description": "screenshot"}}, {"model": "uploadapp.uploads", "pk": 13, "fields": {"image": "images/RedWine2560x1600.png", "description": "red wine"}}, {"model": "uploadapp.uploadfile", "pk": 1, "fields": {"file": "files/test.rtf", "description": "test"}}, {"model": "uploadapp.uploadfile", "pk": 2, "fields": {"file": "files/test2.rtf", "description": "testing 2"}}]